PitchNo,Date,Time,Pitcher,PitcherId,PitcherThrows,PitcherTeam,PitcherSet,PitchCall,Balls,Strikes,TaggedPitchType,PitchSession,Flag,RelSpeed,VertRelAngle,HorzRelAngle,SpinRate,SpinAxis,Tilt,RelHeight,RelSide,Extension,VertBreak,InducedVertBreak,HorzBreak,PlateLocHeight,PlateLocSide,ZoneSpeed,VertApprAngle,HorzApprAngle,ZoneTime,pfxx,pfxz,x0,y0,z0,vx0,vy0,vz0,ax0,ay0,az0,PlayID,CalibrationId,EffVelocity,PracticeType,Device,Direction,BatterId,Batter,HitSpinRate,HitType,ExitSpeed,BatterSide,Angle,PositionAt110X,PositionAt110Y,PositionAt110Z,Distance,LastTrackedDistance,HangTime,Bearing,ContactPositionX,ContactPositionY,ContactPositionZ,SpinAxis3dTransverseAngle,SpinAxis3dLongitudinalAngle,SpinAxis3dActiveSpinRate,SpinAxis3dSpinEfficiency,SpinAxis3dTilt,PitchUID,SessionId
1,2026-09-21,18:36:34.42,"Pence, Colin",1000511683,Right,,,,,,Fastball,Live,,86.16609,-1.682064581,-4.499350691,2048.957632,242.5241536,2:00,5.85018,1.87185,5.41387,-28.82149,9.28581,17.88557,1.8675,-0.86085,79.46463,-7.007291751,-1.184592557,0.4442991475,-10.60341,5.33981,-1.48412,50,5.68041,9.22391,-124.99522,-4.66817,-16.92157,23.13825,-23.65244,9634bad0-b9d3-406a-93c7-ea4917dd0c65,d646366c-c175-4c83-9afd-a1ab18523c07,84.83572,Pitching,25410021,,,,,,,,,,,,,,,,,,,,26.1147001,1839.789122,0.8979146731,,817a8887-b8c8-4a47-8d29-2d64af14ce63,c38eda68-21e7-4310-b8e7-a80a53e07454
2,2026-09-21,18:36:48.99,"Pence, Colin",1000511683,Right,,,,,,Fastball,Live,,86.88201,-1.995287485,-3.92706122,2080.014752,243.544221,2:00,5.83581,1.90968,5.2768,-28.62619,9.04055,18.1753,1.57139,-0.26932,80.12392,-7.270232143,-0.5623799454,0.4417234471,-10.57547,5.27166,-1.56442,50,5.63264,8.01393,-126.07101,-5.41133,-17.15453,23.73877,-23.62285,7f073987-0c32-4fe3-93bb-91134ce4863a,d646366c-c175-4c83-9afd-a1ab18523c07,85.3304,Pitching,25410021,,,,,,,,,,,,,,,,,,,,29.40399502,1812.066378,0.8711795802,,1510def1-9240-405d-9c4e-cf32f9f529c2,c38eda68-21e7-4310-b8e7-a80a53e07454
3,2026-09-21,18:37:02.65,"Pence, Colin",1000511683,Right,,,,,,Fastball,Live,,86.55077,-1.318776112,-3.38176897,2077.746547,234.7661211,1:45,5.83238,1.83872,5.21228,-26.44114,11.48046,16.29169,2.38665,0.01311,79.8309,-6.191199461,-0.370119358,0.4432152661,-9.40457,6.36033,-1.53846,50,5.69078,6.84964,-125.71411,-3.83884,-15.19391,23.20881,-21.89839,5b9c47a0-4a3c-4b82-9032-9361cbd11f6b,d646366c-c175-4c83-9afd-a1ab18523c07,85.04319,Pitching,25410021,,,,,,,,,,,,,,,,,,,,26.97071878,1851.767552,0.8912384213,,45de3bb9-725b-4a37-9fd7-518a1e4bd65d,c38eda68-21e7-4310-b8e7-a80a53e07454
4,2026-09-21,18:37:17.94,"Pence, Colin",1000511683,Right,,,,,,ChangeUp,Live,,79.35207,-1.022682275,-2.724756851,1652.517548,253.8424718,2:30,5.67934,2.04088,5.4247,-40.36947,4.31136,14.98026,1.35629,0.73558,73.64053,-8.462520507,0.05652161724,0.4810962988,-8.61033,2.53803,-1.80975,50,5.56075,5.01834,-115.37641,-3.33561,-11.71724,19.54453,-28.72021,37cd80a7-bcbb-49c1-8b60-452f17860f4b,d646366c-c175-4c83-9afd-a1ab18523c07,78.34697,Pitching,25410021,,,,,,,,,,,,,,,,,,,243.3163099,39.74848739,1270.552515,0.768858713,2:00,61372e4c-2840-4451-a574-fd5dbf5fd325,c38eda68-21e7-4310-b8e7-a80a53e07454
5,2026-09-21,18:37:32.03,"Pence, Colin",1000511683,Right,,,,,,ChangeUp,Live,,79.42305,-0.7151608462,-3.823011564,1606.289444,249.3958535,2:15,5.73177,1.94566,5.63662,-38.68534,5.776,15.46103,1.83937,-0.33732,73.32544,-7.892477666,-0.9402357765,0.4799131814,-9.24731,3.26888,-1.63062,50,5.64627,7.23958,-115.36931,-2.61877,-12.53997,20.2285,-27.74123,f61ea010-68f3-4248-85d0-17d7df659d9e,d646366c-c175-4c83-9afd-a1ab18523c07,78.54012,Pitching,25410021,,,,,,,,,,,,,,,,,,,221.426786,30.81292539,1379.552635,0.858844363,1:30,98ca28ba-2d2f-458f-a51e-d1621a28b933,c38eda68-21e7-4310-b8e7-a80a53e07454
6,2026-09-21,18:37:48.26,"Pence, Colin",1000511683,Right,,,,,,ChangeUp,Live,,79.61306,0.2247997963,-2.891175897,1611.806713,252.2562257,2:30,5.61387,2.0156,5.5917,-39.21884,5.08932,16.05071,2.55577,0.65171,73.2971,-7.066207727,0.1051618432,0.4790857863,-9.32367,2.65291,-1.77818,50,5.60774,5.35302,-115.74062,-0.74815,-12.70195,20.72815,-28.5599,f9c18c80-7de5-4769-95a7-de13c24fe7a2,d646366c-c175-4c83-9afd-a1ab18523c07,78.67576,Pitching,25410021,,,,,,,,,,,,,,,,,,,249.1000565,31.1072605,1380.031524,0.8562016228,2:15,897bca9f-d684-45c3-a6a7-cd29d566bac7,c38eda68-21e7-4310-b8e7-a80a53e07454
7,2026-09-21,18:38:55.38,"Pence, Colin",1000511683,Right,,,,,,Slider,Live,,77.99614,-0.8460625041,-3.463589813,1680.336403,335.1797037,5:15,5.59871,2.07619,5.14491,-52.03198,-3.94719,1.81087,0.46473,-1.03744,70.80972,-10.4767011,-3.124926329,0.4990858492,-2.12333,-1.79829,-1.7535,50,5.48084,6.78344,-113.0205,-3.31293,-2.69141,24.44844,-34.45345,7a95166e-ede3-4911-b4d4-d7787c752127,d646366c-c175-4c83-9afd-a1ab18523c07,75.52296,Pitching,25410021,,,,,,,,,,,,,,,,,,,,74.43910033,450.7711896,0.2682624675,,1a2b247a-7466-4335-9051-c659eef35531,c38eda68-21e7-4310-b8e7-a80a53e07454
8,2026-09-21,18:39:09.10,"Pence, Colin",1000511683,Right,,,,,,Slider,Live,,76.55117,-0.04999010638,-3.707089876,1502.973802,13.43395267,6:30,5.76629,2.00975,4.89143,-55.0602,-5.08718,-1.20768,1.13056,-1.60197,70.1083,-10.15231812,-3.930564749,0.5087907218,-0.51165,-2.63945,-1.64547,50,5.71656,7.22747,-110.9464,-1.87983,-0.63122,21.74294,-35.43031,f0b972ed-9f6f-47b4-a4f9-e4a06516e7e1,d646366c-c175-4c83-9afd-a1ab18523c07,74.0824,Pitching,25410021,,,,,,,,,,,,,,,,,,,,66.28653048,604.4404929,0.4021630264,,846080a3-2aea-4fbc-b74f-5aaa67833453,c38eda68-21e7-4310-b8e7-a80a53e07454
9,2026-09-21,18:39:23.34,"Pence, Colin",1000511683,Right,,,,,,Slider,Live,,75.11102,1.132075284,-1.220538221,1537.13107,28.25024637,7:00,5.76764,2.0693,4.69006,-56.7335,-4.73142,-2.51966,2.11493,0.70048,68.75544,-9.274469285,-1.686246249,0.5190172094,0.9393,-2.78903,-1.94336,50,5.83313,2.40559,-109.02979,0.29425,1.12231,20.49326,-35.50647,583e9b09-6af1-4450-9c53-7e53a55ac6f7,d646366c-c175-4c83-9afd-a1ab18523c07,72.62272,Pitching,25410021,,,,,,,,,,,,,,,,,,,,63.39797186,688.3130571,0.4477907387,,e3668ea0-b382-44ad-9196-d801aef3536f,c38eda68-21e7-4310-b8e7-a80a53e07454
10,2026-09-21,18:39:42.57,"Pence, Colin",1000511683,Right,,,,,,Fastball,Live,,86.75685,-0.4304687357,-2.307814937,2088.789308,231.0058026,1:45,5.88979,1.98198,5.35321,-23.81587,13.95049,17.27696,3.50113,1.25641,79.25732,-4.858315365,0.9116506625,0.4423071742,-9.78112,7.50003,-1.78676,50,5.83435,4.48362,-126.09588,-1.77268,-15.75051,25.60395,-20.09677,294d7de6-8384-4a2e-a82e-e933dfdb80fd,d646366c-c175-4c83-9afd-a1ab18523c07,85.21779,Pitching,25410021,,,,,,,,,,,,,,,,,,,216.7808914,26.51419905,1869.098297,0.8948237573,1:15,aa2098c1-cf6c-448d-9327-30d6671c4eb0,c38eda68-21e7-4310-b8e7-a80a53e07454
11,2026-09-21,18:39:57.02,"Pence, Colin",1000511683,Right,,,,,,Fastball,Live,,88.59647,-1.634876685,-2.62344921,2088.850665,237.8476346,2:00,5.89332,2.09163,5.27395,-25.08344,11.04626,17.59619,2.26565,1.0925,81.63159,-6.264142938,0.6385006926,0.4326169702,-9.93891,6.23646,-1.86503,50,5.72579,5.26579,-128.74793,-4.58149,-16.80807,24.84491,-21.62733,aa7d9033-128f-4d8f-be90-adc2debfc113,d646366c-c175-4c83-9afd-a1ab18523c07,87.12658,Pitching,25410021,,,,,,,,,,,,,,,,,,,216.280999,32.89538677,1753.931861,0.8396635961,1:15,9b7577ec-a42c-4354-b632-ea1d3c5485ec,c38eda68-21e7-4310-b8e7-a80a53e07454
12,2026-09-21,18:40:17.11,"Pence, Colin",1000511683,Right,,,,,,Fastball,Live,,87.59257,-0.140882095,-2.259255338,2067.908506,224.9055639,1:30,5.98798,1.87142,5.37363,-22.47907,14.40147,14.39449,3.98256,0.95206,80.26598,-4.316410222,0.4186119907,0.4370891574,-8.21411,7.65431,-1.67932,50,5.95962,4.52133,-127.36154,-1.09943,-13.54882,25.12632,-19.54858,95936dc3-8e99-49ff-b148-312b7bebb714,d646366c-c175-4c83-9afd-a1ab18523c07,86.23513,Pitching,25410021,,,,,,,,,,,,,,,,,,,220.8671872,29.90010513,1792.661269,0.8668958342,1:15,7f1a3ca3-1178-4c3d-be15-ce84dc64ef27,c38eda68-21e7-4310-b8e7-a80a53e07454
13,2026-09-21,18:40:33.60,"Pence, Colin",1000511683,Right,,,,,,Slider,Live,,77.21438,2.168627459,-1.424050493,1538.609803,36.08809009,7:15,5.74102,2.03894,4.71768,-50.4411,-2.048,-1.46377,3.59689,0.56549,71.49882,-7.038743914,-1.692215893,0.5006833287,0.40439,-1.59066,-1.89395,50,5.91586,2.83914,-112.19867,2.52926,0.52123,18.18006,-34.22431,3213e560-cd1f-4e4f-a567-76c181f3ca55,d646366c-c175-4c83-9afd-a1ab18523c07,75.28199,Pitching,25410021,,,,,,,,,,,,,,,,,,,,70.34464356,517.5292302,0.3363615839,,92426b73-8548-4662-98a0-84f785ebe416,c38eda68-21e7-4310-b8e7-a80a53e07454
14,2026-09-21,18:41:00.13,"Pence, Colin",1000511683,Right,,,,,,ChangeUp,Live,,78.37585,1.944078372,-1.962253956,1450.924506,240.1288511,2:00,5.64777,2.14747,5.69805,-38.55512,7.00579,12.28881,4.24795,1.34254,71.86416,-5.259872836,0.3384720976,0.4858112852,-7.10393,3.22685,-1.99063,50,5.78684,3.5404,-113.96555,2.72805,-9.37362,20.30126,-27.91622,44d19274-c70d-4a0b-a52d-da2f2c917fcd,d646366c-c175-4c83-9afd-a1ab18523c07,77.58659,Pitching,25410021,,,,,,,,,,,,,,,,,,,239.4519092,23.10774154,1334.514625,0.9197684781,2:00,9cda2180-b683-4492-93ed-2de449b86f6b,c38eda68-21e7-4310-b8e7-a80a53e07454
15,2026-09-21,18:41:19.26,"Pence, Colin",1000511683,Right,,,,,,Fastball,Live,,91.24433,-2.834739214,-3.012285424,2237.611845,217.2376877,1:15,6.09909,1.75687,5.14747,-17.42088,17.12778,13.01668,1.97303,0.00341,83.3143,-6.054373694,-0.5968730069,0.4230454328,-7.67677,9.78763,-1.4851,50,5.8206,6.47588,-132.33709,-7.21507,-13.61101,28.29581,-14.82047,bb6b3374-d8c6-4c02-bca2-8c632c7e8241,d646366c-c175-4c83-9afd-a1ab18523c07,89.09785,Pitching,25410021,,,,,,,,,,,,,,,,,,,206.3142048,31.22870447,1913.392244,0.8551046278,1:00,c72d83ce-c286-4df7-a14f-e68c7dc49a6f,c38eda68-21e7-4310-b8e7-a80a53e07454
16,2026-09-21,18:46:43.96,"Peterson, Charlie",1000616565,Right,,,,,,Fastball,Live,,82.53907,,,1562.422888,,,5.2358,1.96738,6.46202,,,,4.16936,0.60918,74.58357,,,0.4573943824,-3.50073,7.16293,-1.83207,50,5.31274,3.95541,-120.09132,1.93154,-5.051,25.86198,-21.83907,ed83b245-6a84-4815-932d-15a06433b19b,d646366c-c175-4c83-9afd-a1ab18523c07,82.40687,Pitching,25410021,,,,,,,,,,,,,,,,,,,233.2744827,25.88233338,1405.700029,0.8996924199,1:45,ba2740be-3fea-47fb-a492-d9745ae94494,c38eda68-21e7-4310-b8e7-a80a53e07454
17,2026-09-21,18:46:54.83,"Peterson, Charlie",1000616565,Right,,,,,,Fastball,Live,,83.80826,0.6465759881,-1.966335922,1742.596522,209.6607274,1:00,5.26094,2.01867,6.82268,-24.72718,13.79878,7.88233,3.79045,0.88133,75.96337,-4.102393751,-0.4508500987,0.446733119,-5.01,7.51705,-1.89543,50,5.29314,3.9927,-122.05113,0.75824,-7.48303,26.22263,-20.94643,a8b49d79-f995-411e-8dc2-604992ea8464,d646366c-c175-4c83-9afd-a1ab18523c07,84.3735,Pitching,25410021,,,,,,,,,,,,,,,,,,,213.1381877,17.86516543,1658.570424,0.951781094,1:00,124b5272-bc93-44cc-8736-62f6af475c31,c38eda68-21e7-4310-b8e7-a80a53e07454
18,2026-09-21,18:47:07.02,"Peterson, Charlie",1000616565,Right,,,,,,Fastball,Live,,84.01432,0.3160424078,-2.674619673,1685.708106,212.0033569,1:00,5.26888,1.92459,6.76799,-27.54782,11.05384,6.93679,3.26211,0.05881,75.9154,-4.974656198,-1.340484399,0.447171782,-4.7282,6.07338,-1.75298,50,5.27886,5.53531,-122.25551,-0.02319,-7.05541,27.26483,-23.11135,38a039c5-8167-4019-9260-0349e37aa98d,d646366c-c175-4c83-9afd-a1ab18523c07,84.29074,Pitching,25410021,,,,,,,,,,,,,,,,,,,,21.93622659,1563.663241,0.9276002382,,f564a2a7-428c-4493-81f9-5f3a8874c576,c38eda68-21e7-4310-b8e7-a80a53e07454
19,2026-09-21,18:47:30.96,"Peterson, Charlie",1000616565,Right,,,,,,Splitter,Live,,69.93958,2.871206832,-1.428776589,,,,4.91414,1.87134,6.36114,-61.5796,-4.40762,-2.10155,2.42749,0.38124,63.0625,-8.879596938,-1.832191483,0.5442055975,0.66155,-3.43319,-1.76716,50,5.09321,2.58187,-101.59134,3.69113,0.67481,20.36175,-35.67602,3aa1adb2-5586-44cd-9753-e94e41fb5cdd,d646366c-c175-4c83-9afd-a1ab18523c07,69.2614,Pitching,25410021,,,,,,,,,,,,,,,,,,,,,,,,a7411f79-e046-4884-86d9-ea208bc8c122,c38eda68-21e7-4310-b8e7-a80a53e07454
20,2026-09-21,18:47:49.19,"Peterson, Charlie",1000616565,Right,,,,,,Splitter,Live,,71.57373,1.334851109,-2.632716573,,,,4.84952,1.7456,6.49698,-52.40505,1.92674,1.07534,1.70905,-0.58275,64.48278,-8.687308825,-2.425894332,0.5305159045,-1.52408,0.59788,-1.56206,50,4.92008,4.75817,-104.00975,1.23691,-1.62744,21.54429,-31.53563,bb188083-c505-4f82-857e-e62d80ca2e91,d646366c-c175-4c83-9afd-a1ab18523c07,71.04865,Pitching,25410021,,,,,,,,,,,,,,,,,,,,,,,,bda5a104-8bac-4f7e-a7dc-2275403b47d3,c38eda68-21e7-4310-b8e7-a80a53e07454
21,2026-09-21,18:48:04.77,"Peterson, Charlie",1000616565,Right,,,,,,Splitter,Live,,70.16754,0.4837904038,-3.39677563,,,,4.78333,1.80227,6.55593,-57.67769,-1.61042,-1.70225,0.42116,-1.45724,64.0628,-10.45958344,-3.722648181,0.5389222442,-0.17632,-1.05309,-1.56752,50,4.79212,6.09033,-101.97542,-0.41241,-0.18239,19.53045,-33.26339,26951fc3-0fb9-46d7-b4c9-d22eebb2a4bf,d646366c-c175-4c83-9afd-a1ab18523c07,69.9404,Pitching,25410021,,,,,,,,,,,,,,,,,,,,,,,,a06515cb-6703-49e4-8849-baa20e528daf,c38eda68-21e7-4310-b8e7-a80a53e07454
22,2026-09-21,18:48:24.33,"Peterson, Charlie",1000616565,Right,,,,,,Slider,Live,,70.14403,2.336584544,-2.581172131,1872.061244,74.11878757,8:30,4.90163,2.1483,5.93148,-59.67855,-2.77131,-9.63807,2.09936,-1.05092,64.42836,-8.837080377,-4.395083271,0.5429441957,4.45144,-2.18915,-1.93697,50,5.05455,4.83696,-101.89934,2.65563,4.65293,17.66193,-34.46229,5f3fe34b-5020-45e4-adbe-010c8043cb63,d646366c-c175-4c83-9afd-a1ab18523c07,69.42231,Pitching,25410021,,,,,,,,,,,,,,,,,,,,50.79186333,1183.403573,0.6321393474,,3cdda266-9c84-489d-a95b-d45ce35b4355,c38eda68-21e7-4310-b8e7-a80a53e07454
23,2026-09-21,18:48:37.53,"Peterson, Charlie",1000616565,Right,,,,,,Slider,Live,,71.94175,2.036990172,-3.785564233,1874.114291,80.55347228,8:45,4.75195,2.13234,6.45393,-55.56886,-2.21852,-13.2743,1.99714,-2.45608,65.88687,-8.468567947,-6.303621499,0.5257024396,6.14908,-1.85816,-1.85876,50,4.87118,7.22116,-104.46799,2.43089,6.71962,19.43157,-34.20461,d13bd6e5-244f-4449-8cfb-b0bf85a15b64,d646366c-c175-4c83-9afd-a1ab18523c07,71.69919,Pitching,25410021,,,,,,,,,,,,,,,,,,,64.19191685,55.34587988,1065.660752,0.568621005,8:15,74da822e-be05-44af-b069-57aba6c9c1ed,c38eda68-21e7-4310-b8e7-a80a53e07454
24,2026-09-21,18:48:55.15,"Peterson, Charlie",1000616565,Right,,,,,,Slider,Live,,71.48792,2.34913471,-2.239014537,1852.679825,80.69536677,8:45,4.84584,2.1483,6.53369,-55.45523,-1.72793,-10.37366,2.38192,-0.77071,65.29534,-8.18757781,-4.218833589,0.5275564423,5.04634,-1.68616,-1.98879,50,4.98464,4.30035,-103.94959,3.00534,5.46013,19.23458,-33.99847,3e5d8875-28f8-4005-9d19-3e71f864f7c9,d646366c-c175-4c83-9afd-a1ab18523c07,71.44722,Pitching,25410021,,,,,,,,,,,,,,,,,,,39.53675571,56.24955833,1029.305637,0.5555766425,7:15,ea853e04-8c81-4881-86cd-0186655c58f2,c38eda68-21e7-4310-b8e7-a80a53e07454
25,2026-09-21,18:49:19.02,"Peterson, Charlie",1000616565,Right,,,,,,ChangeUp,Live,,77.05821,0.9935242123,-5.775722059,1621.877807,249.70644,2:15,4.944,2.02599,7.13235,-40.03137,5.22601,14.37334,2.51357,-2.03084,70.22667,-6.689857579,-3.017656214,0.4841902977,-9.82577,2.65865,-1.6901,50,4.98985,11.00062,-111.79084,1.09403,-12.36405,21.21493,-28.8286,cbd74b67-2c6a-4662-a5be-5a24e50f375b,d646366c-c175-4c83-9afd-a1ab18523c07,77.84633,Pitching,25410021,,,,,,,,,,,,,,,,,,,,30.67598601,1394.922244,0.8600661764,,be596963-9a54-4483-abb8-eb5fa2bfaf19,c38eda68-21e7-4310-b8e7-a80a53e07454
26,2026-09-21,18:49:30.10,"Peterson, Charlie",1000616565,Right,,,,,,ChangeUp,Live,,76.44253,0.6537856848,-5.491120206,1789.572346,247.8834561,2:15,4.8518,2.04953,7.11347,-40.64083,5.23143,13.06112,2.06082,-1.85792,69.92454,-7.13048146,-2.987563546,0.4874684174,-8.95162,2.7633,-1.72834,50,4.87742,10.38932,-110.97164,0.40504,-11.1269,20.4514,-28.73926,6232f480-3718-43e5-8f2d-dcdd91753668,d646366c-c175-4c83-9afd-a1ab18523c07,77.32283,Pitching,25410021,,,,,,,,,,,,,,,,,,,,26.1067777,1606.992171,0.8979755276,,fc66c375-1439-480a-adc5-537f485bfbbd,c38eda68-21e7-4310-b8e7-a80a53e07454
27,2026-09-21,18:49:59.58,"Peterson, Charlie",1000616565,Right,,,,,,ChangeUp,Live,,75.33013,1.125462958,-4.314721143,1590.399451,230.8925127,1:45,4.79794,1.9937,7.18068,-39.95714,6.91936,8.59844,2.49071,-1.20566,69.04588,-6.540185936,-2.663001837,0.4927753423,-6.0789,3.59449,-1.74605,50,4.8508,8.08778,-109.55814,1.33011,-7.37914,19.58331,-27.81071,8702f3b4-874d-4726-80a9-06d6dd1bc37c,d646366c-c175-4c83-9afd-a1ab18523c07,76.49011,Pitching,25410021,,,,,,,,,,,,,,,,,,,,32.38140248,1343.095205,0.844501804,,958c514e-5498-4991-b656-3914edae7be1,c38eda68-21e7-4310-b8e7-a80a53e07454
28,2026-09-21,18:50:26.17,"Peterson, Charlie",1000616565,Right,,,,,,ChangeUp,Live,,77.03189,0.1456121403,-4.453405611,1819.395179,251.4170344,2:30,4.71591,2.12201,6.93108,-40.72251,4.71152,14.17757,1.45531,-0.75822,70.44597,-7.636019017,-1.73545134,0.4851343897,-9.25708,2.59922,-1.84922,50,4.71046,8.4013,-111.96522,-0.6307,-11.69035,21.1922,-28.89161,b48da593-ed97-4d48-9cc9-657b54f4f92c,d646366c-c175-4c83-9afd-a1ab18523c07,77.69484,Pitching,25410021,,,,,,,,,,,,,,,,,,,,28.23245406,1602.952002,0.8810356437,,afd7b5ab-ef8d-484e-a100-8977484f140c,c38eda68-21e7-4310-b8e7-a80a53e07454
29,2026-09-21,18:50:43.36,"Peterson, Charlie",1000616565,Right,,,,,,Fastball,Live,,85.22238,-0.1009026551,-2.571279929,1750.328887,202.0836163,12:45,4.96209,2.01215,6.72915,-22.35737,15.08311,6.13824,3.00668,0.17263,77.2179,-4.38552468,-1.393700028,0.4403947311,-4.21294,8.43679,-1.84529,50,4.94663,5.41068,-124.04272,-0.80059,-6.49631,27.20022,-19.1646,6e273a87-7de0-42d9-b959-323e4e14c35b,d646366c-c175-4c83-9afd-a1ab18523c07,85.58785,Pitching,25410021,,,,,,,,,,,,,,,,,,,226.2617284,26.93631179,1560.436783,0.8915106154,1:30,cf8b46c6-38a0-407c-8c40-4843df90cd2e,c38eda68-21e7-4310-b8e7-a80a53e07454
30,2026-09-21,18:51:03.31,"Peterson, Charlie",1000616565,Right,,,,,,Slider,Live,,68.46253,1.907103083,-2.512773317,1918.890859,84.81399368,8:45,4.7299,2.20354,6.47251,-59.23605,-0.70886,-7.39436,1.54701,-0.72139,62.90318,-9.295918856,-3.920068132,0.5506177602,3.32594,-0.96383,-2.02355,50,4.83765,4.53334,-99.56959,2.00642,3.31362,17.11932,-33.13431,f3579a48-4d46-40e9-9396-04fae95a587c,d646366c-c175-4c83-9afd-a1ab18523c07,68.45482,Pitching,25410021,,,,,,,,,,,,,,,,,,,,,,,,9b5b429e-471b-4133-8f82-351b600ea6ce,c38eda68-21e7-4310-b8e7-a80a53e07454
31,2026-09-21,18:51:21.46,"Peterson, Charlie",1000616565,Right,,,,,,Slider,Live,,70.85574,1.675727779,-3.098516914,,,,4.88101,1.91974,6.48001,-55.84723,-0.74811,-2.47564,1.76822,-1.13402,64.44849,-8.941742528,-3.571723712,0.5342489972,0.35854,-0.96077,-1.7011,50,4.97409,5.62959,-102.95874,1.74836,0.37855,19.71201,-33.18842,e85e5aec-229c-44d3-97d1-9aacc456bf57,d646366c-c175-4c83-9afd-a1ab18523c07,70.55219,Pitching,25410021,,,,,,,,,,,,,,,,,,,,,,,,b81918c8-a9ea-49c3-9831-0d47feff1e1e,c38eda68-21e7-4310-b8e7-a80a53e07454
32,2026-09-21,18:51:35.97,"Peterson, Charlie",1000616565,Right,,,,,,ChangeUp,Live,,77.19574,0.215915652,-3.365472875,1625.502319,263.482881,2:45,4.88076,2.05329,7.03208,-43.17888,1.45894,13.1449,1.47901,0.08784,71.24561,-8.017979804,-0.8462101793,0.4808646767,-8.29716,0.76118,-1.85392,50,4.87913,6.31917,-112.41251,-0.53281,-10.64413,19.88824,-31.19755,cd919b40-d834-4414-9fc8-6b8a9dcab99f,d646366c-c175-4c83-9afd-a1ab18523c07,78.38471,Pitching,25410021,,,,,,,,,,,,,,,,,,,234.0258786,29.26034556,1418.100846,0.8724077654,1:45,753192e8-5b8f-48f3-bdc7-d868cb5628a2,c38eda68-21e7-4310-b8e7-a80a53e07454
33,2026-09-21,18:51:49.43,"Peterson, Charlie",1000616565,Right,,,,,,Fastball,Live,,86.58893,0.3523828161,-2.453550374,1581.109891,186.6832457,12:15,5.25079,1.75013,6.91765,-24.22886,11.62941,1.36747,3.55284,-0.37109,78.81788,-4.296461279,-2.19095184,0.4309888974,-1.49261,6.41515,-1.59718,50,5.26413,5.36893,-126.11033,0.16089,-2.38897,27.11863,-21.90643,ae8cd5d0-303c-4149-9b53-6ee81c5fb675,d646366c-c175-4c83-9afd-a1ab18523c07,87.45571,Pitching,25410021,,,,,,,,,,,,,,,,,,,204.5047449,23.98663356,1444.565746,0.9136403197,12:45,eb46b2c5-d0f7-4d1d-bbdc-ea16a5dea1aa,c38eda68-21e7-4310-b8e7-a80a53e07454
34,2026-09-21,18:57:52.46,"Ireland, Cameron",1000617587,Right,,,,,,Fastball,Live,,82.84165,0.477015886,-1.045580559,1869.899294,200.5944295,12:45,5.46399,2.64558,5.81913,-24.5699,16.09249,6.06087,3.86002,2.17856,75.62666,-4.136670197,0.09420175308,0.4589526041,-3.55445,8.52497,-2.56376,50,5.48842,2.01493,-120.5626,0.2522,-5.22698,23.63346,-19.63769,a618f7e6-8fdf-4593-9498-4a68d7446f17,f03c7c77-3859-42c8-9c84-596496a8b201,82.12708,Pitching,25410021,,,,,,,,,,,,,,,,,,,,25.33741003,1690.021195,0.903803323,,8d68d7dc-eecd-4a1c-bbf6-cb017dddc225,c38eda68-21e7-4310-b8e7-a80a53e07454
35,2026-09-21,18:58:07.66,"Ireland, Cameron",1000617587,Right,,,,,,Fastball,Live,,82.73201,-0.7621940939,-1.924488438,1847.327942,209.0899157,1:00,5.3035,2.72917,6.1643,-26.92244,13.17005,7.34759,2.35557,1.56336,76.06064,-5.825718032,-0.5378323958,0.4557250472,-4.51278,7.37071,-2.58732,50,5.23191,3.83585,-120.45139,-2.37819,-6.65485,22.57178,-21.30469,133d65c8-ea27-47b3-b4bb-5b7fe2490529,f03c7c77-3859-42c8-9c84-596496a8b201,82.70873,Pitching,25410021,,,,,,,,,,,,,,,,,,,197.9913987,31.50093294,1575.090283,0.8526316565,12:30,aa24a599-1782-4767-89d2-c25e150fccf4,c38eda68-21e7-4310-b8e7-a80a53e07454
36,2026-09-21,18:58:22.84,"Ireland, Cameron",1000617587,Right,,,,,,Fastball,Live,,83.87137,-0.9494791912,-2.704812425,1932.460203,201.8997579,12:45,5.38721,2.61592,6.11065,-24.52138,14.67431,5.91602,2.46489,0.6064,76.93104,-5.560185369,-1.58956902,0.450599362,-3.95,8.23149,-2.41173,50,5.30148,5.59027,-122.01419,-2.7458,-5.96749,23.52271,-19.73826,38b3da65-3c40-4f62-91a0-f3c7ef9eff55,f03c7c77-3859-42c8-9c84-596496a8b201,83.64956,Pitching,25410021,,,,,,,,,,,,,,,,,,,195.3591122,31.40503314,1649.364496,0.853505026,12:30,19317dda-3f93-41cd-873f-ddb878a60317,c38eda68-21e7-4310-b8e7-a80a53e07454
37,2026-09-21,18:58:40.43,"Ireland, Cameron",1000617587,Right,,,,,,Splitter,Live,,74.83082,1.214357382,-0.7265185617,933.7620486,259.3550205,2:45,5.61163,2.47293,5.2835,-48.94586,1.6841,9.19646,2.67331,2.55709,69.09572,-7.827139614,0.9816440245,0.5121240361,-5.03929,0.56711,-2.41345,50,5.68677,1.10139,-108.84818,0.82319,-6.07531,18.23167,-31.49035,35e761a9-6931-4ee1-bfa7-80e4f0e2d364,f03c7c77-3859-42c8-9c84-596496a8b201,73.60021,Pitching,25410021,,,,,,,,,,,,,,,,,,,,33.5352281,778.3339082,0.833546308,,c12dfb25-31e0-4540-af82-0a1d0ce9062c,c38eda68-21e7-4310-b8e7-a80a53e07454
38,2026-09-21,18:59:00.58,"Ireland, Cameron",1000617587,Right,,,,,,Splitter,Live,,73.70251,-1.215996897,-4.128417026,884.021598,232.0800086,1:45,5.42099,2.31712,5.61789,-48.49438,3.05643,3.98014,0.24199,-1.21021,68.77921,-10.13451194,-3.389653011,0.5167602965,-3.15359,1.933,-1.96739,50,5.28587,7.6125,-107.03024,-3.65309,-3.69422,16.76544,-29.90967,63528fcb-11b0-42a0-987a-5395ca8879bd,f03c7c77-3859-42c8-9c84-596496a8b201,72.93989,Pitching,25410021,,,,,,,,,,,,,,,,,,,,33.46755822,737.4492292,0.8341982038,,051f9a7d-b9e2-4893-80a3-60135714284b,c38eda68-21e7-4310-b8e7-a80a53e07454
39,2026-09-21,18:59:17.14,"Ireland, Cameron",1000617587,Right,,,,,,Splitter,Live,,72.60357,1.992813208,-3.536928009,850.9552992,253.0045888,2:30,5.58293,2.36153,5.37152,-52.09662,1.60517,5.44363,3.11398,-0.50465,67.10216,-7.628724553,-2.528413412,0.5274311853,-3.78252,0.33706,-2.04846,50,5.72503,6.35747,-105.41249,2.16249,-4.28889,16.62329,-31.79187,3e372256-6fdf-4ce9-8b81-bac334bd5c32,f03c7c77-3859-42c8-9c84-596496a8b201,71.46418,Pitching,25410021,,,,,,,,,,,,,,,,,,,,35.35421129,694.0310374,0.8155904759,,1f341959-ede9-4b02-9794-019eeac44d36,c38eda68-21e7-4310-b8e7-a80a53e07454
40,2026-09-21,18:59:36.13,"Ireland, Cameron",1000617587,Right,,,,,,Slider,Live,,74.29067,3.869161103,-0.9483334099,2195.917798,28.0902354,7:00,5.36839,2.6635,5.24515,-58.50481,-6.81089,-3.60658,4.13461,1.47179,68.28689,-6.951096318,-1.617697355,0.5174771178,1.64665,-4.61608,-2.5739,50,5.68087,1.89372,-107.82241,5.52626,1.94665,18.00671,-37.63112,7a5caf8a-318e-4209-a937-ad438e9cd107,f03c7c77-3859-42c8-9c84-596496a8b201,72.83885,Pitching,25410021,,,,,,,,,,,,,,,,,,,33.5668272,55.44588996,1245.490072,0.5671842877,7:00,ceb0a78b-0917-42ff-bf68-b2fcd84f8ee1,c38eda68-21e7-4310-b8e7-a80a53e07454
41,2026-09-21,18:59:53.33,"Ireland, Cameron",1000617587,Right,,,,,,Slider,Live,,74.67545,0.1596655527,-4.475172523,2144.636605,50.35714349,7:45,5.25129,2.76644,5.03338,-58.54642,-6.66915,-8.02367,0.5235,-2.13235,69.25877,-10.51948973,-5.950750134,0.5183939701,2.9427,-3.53409,-2.33241,50,5.22068,8.72116,-108.23369,-1.5229,3.48828,19.01167,-36.36337,8afc0ec4-e63d-4298-b432-776f2108a925,f03c7c77-3859-42c8-9c84-596496a8b201,72.71003,Pitching,25410021,,,,,,,,,,,,,,,,,,,,,,,,388d7f88-962f-458a-a1be-8999c8961256,c38eda68-21e7-4310-b8e7-a80a53e07454
42,2026-09-21,19:00:11.87,"Ireland, Cameron",1000617587,Right,,,,,,Slider,Live,,72.24704,4.416281261,0.402952916,2160.018562,39.20890582,7:15,5.43694,2.64385,5.12431,-63.72041,-8.95974,-7.24783,4.29425,2.41934,66.66951,-7.315154253,-0.9370124115,0.5326056594,3.89727,-5.81238,-2.67609,50,5.80319,-0.51966,-104.81334,6.18302,4.3729,16.28216,-38.69578,ad0f7695-87e1-41dd-9808-7151b3dec664,f03c7c77-3859-42c8-9c84-596496a8b201,70.76988,Pitching,25410021,,,,,,,,,,,,,,,,,,,,,,,,68a7b1e8-9602-458f-9206-d33c0748af0a,c38eda68-21e7-4310-b8e7-a80a53e07454
43,2026-09-21,19:00:27.30,"Ireland, Cameron",1000617587,Right,,,,,,Slider,Live,,72.14479,2.71323141,-1.288559139,2164.643242,24.00242559,6:45,5.40385,2.49019,5.22529,-64.39255,-9.84093,-4.35999,2.59074,0.91544,67.00158,-9.129907957,-2.095621273,0.5315880503,1.96321,-5.86426,-2.36835,50,5.60616,2.48718,-104.84616,3.06722,2.20302,16.38087,-38.75463,ace5ffa1-9f68-4103-8ebd-8e935a42e5cc,f03c7c77-3859-42c8-9c84-596496a8b201,70.90535,Pitching,25410021,,,,,,,,,,,,,,,,,,,32.96780918,49.20372573,1414.315938,0.653371378,7:00,402dacfa-0869-46de-b7d4-dbb689a488a4,c38eda68-21e7-4310-b8e7-a80a53e07454
44,2026-09-21,19:00:51.66,"Ireland, Cameron",1000617587,Right,,,,,,Curveball,Live,,72.50984,-0.1652082973,-1.610814487,2144.895485,30.41713487,7:00,5.57429,2.4155,5.31149,,,,,,,,,,3.90753,-7.42216,-2.26374,50,5.51064,3.20403,-105.39617,-2.2909,4.37864,18.54825,-40.49106,46010006-7101-4553-a064-1230a449a9ef,f03c7c77-3859-42c8-9c84-596496a8b201,,Pitching,25410021,,,,,,,,,,,,,,,,,,,,39.3088935,1659.595479,0.7737418864,,c8692fe6-7c1a-4610-aebb-da3760320dae,c38eda68-21e7-4310-b8e7-a80a53e07454
45,2026-09-21,19:01:14.22,"Ireland, Cameron",1000617587,Right,,,,,,Curveball,Live,,70.69194,1.625928718,-1.305812235,2159.445997,26.79913551,7:00,5.59745,2.38942,5.30467,-72.3352,-15.04146,-7.57496,1.0964,0.53233,65.39682,-11.70950438,-2.719338621,0.544784794,3.62076,-8.43768,-2.26563,50,5.69343,2.55535,-102.70703,0.87092,3.8438,17.98755,-41.1315,e7b034fa-9120-4c85-a3f8-829401ac26b4,f03c7c77-3859-42c8-9c84-596496a8b201,69.18776,Pitching,25410021,,,,,,,,,,,,,,,,,,,,35.50625803,1757.901521,0.8140520873,,c4872745-ddc5-44bc-b5f8-0b74bb25782d,c38eda68-21e7-4310-b8e7-a80a53e07454
46,2026-09-21,19:01:34.99,"Ireland, Cameron",1000617587,Right,,,,,,Curveball,Live,,69.81417,0.3426175345,-2.407548862,2108.503019,29.61512064,7:00,5.39115,2.39471,,,,,,,,,,,4.10407,-8.60657,-2.13079,50,5.35472,4.55334,-101.24979,-1.83436,4.22953,17.64704,-41.04372,627b7a2a-3490-41e9-b26e-5d5b307d9a47,f03c7c77-3859-42c8-9c84-596496a8b201,,Pitching,25410021,,,,,,,,,,,,,,,,,,,,29.21974077,1840.204313,0.8727539376,,d33f9cb0-30c8-4d76-ac36-788cb3fcf305,c38eda68-21e7-4310-b8e7-a80a53e07454
47,2026-09-21,19:02:02.16,"Ireland, Cameron",1000617587,Right,,,,,,Fastball,Live,,82.44943,0.2435790619,-2.69429358,2046.400241,226.553687,1:30,5.40094,2.64777,5.82349,-31.78407,8.9724,9.52103,2.97894,0.9349,76.08529,-5.686135065,-0.9140232623,0.4594832462,-5.79133,4.75535,-2.43343,50,5.40192,5.35356,-119.9657,-0.4639,-8.51596,21.2467,-25.18146,1bfe5bf5-a0a8-49f8-a642-fa5b009fa732,f03c7c77-3859-42c8-9c84-596496a8b201,82.03224,Pitching,25410021,,,,,,,,,,,,,,,,,,,201.0384303,41.21124729,1539.477417,0.7522855922,12:45,fa161500-f39e-4d94-b290-251fe610a1f6,c38eda68-21e7-4310-b8e7-a80a53e07454
48,2026-09-21,19:02:16.18,"Ireland, Cameron",1000617587,Right,,,,,,Fastball,Live,,82.81643,-1.415014263,-3.00300269,1972.184822,217.9620369,1:15,5.36612,2.46835,5.96591,-27.98692,12.27148,9.60121,1.72002,0.48196,76.46053,-6.640942903,-1.202773383,0.456667055,-5.95014,6.98572,-2.23595,50,5.23827,6.03092,-120.44743,-3.81824,-8.8099,21.66822,-21.83084,9de8ec12-6034-4df5-809c-65ab0f507214,f03c7c77-3859-42c8-9c84-596496a8b201,82.53812,Pitching,25410021,,,,,,,,,,,,,,,,,,,198.3363309,41.11491435,1485.828759,0.753392249,12:30,f025b222-d1dc-4b4f-9a1f-bb2a7e02cb4b,c38eda68-21e7-4310-b8e7-a80a53e07454
49,2026-09-21,19:02:29.28,"Ireland, Cameron",1000617587,Right,,,,,,Fastball,Live,,82.0999,1.073139473,-1.364082348,2015.858587,231.4456855,1:45,5.27167,2.69469,5.82622,-31.04838,10.08013,12.69934,3.68218,2.48483,75.54149,-4.733278307,1.015378993,0.4615756066,-7.17488,5.13741,-2.59097,50,5.34079,2.45895,-119.5172,1.29321,-10.44823,21.57595,-24.69283,cd40c627-0916-4ac7-ae2c-f132105fcc97,f03c7c77-3859-42c8-9c84-596496a8b201,81.66038,Pitching,25410021,,,,,,,,,,,,,,,,,,,209.0811683,41.64176579,1506.479187,0.7473139224,1:00,32915c57-ebd8-4fa2-ad1a-5880541b497d,c38eda68-21e7-4310-b8e7-a80a53e07454